Country,Country code,Language (current),Lang code (current),Personal LaserJet label (postal),Personal LaserJet label (UPS),Business LaserJet label (postal),Business LaserJet label (UPS)
Austria,AT,German,de,2,,2,
Belgium (NL),BE,Dutch,nl,2,1,2,1
Belgium (FR),BE,French,fr,2,1,2,1
Bulgaria,BG,Bulgarian,bg,,,,
Croatia,HR,Croatian,hr,,,,
Czech Republic,CZ,Czech,cs,3,,3,
Denmark,DK,Danish,da,2,,2,
Estonia,EE,Estonian,et,,,,
Finland,FI,Finnish,fi,2,,2,
France,FR,French,fr,2,1,2,1
Germany,DE,German,de,2,,2,
Greece,GR,Greek,el,,,,
Hungary,HU,Hungarian,hu,,,,
Ireland,IE,English,en,2,,2,
Israel,IL,English,en,,,,
Italy,IT,Italian,it,,,,
Latvia,LV,Latvian,lv,,,,
Lithuania,LT,Lithuanian,lt,,,,
Luxembourg,LU,French,fr,2,,2,
Morocco,MA,French,fr,,,,
Netherlands,NL,Dutch,nl,2,1,2,1
Norway,NO,Norwegian,no,2,,2,
Poland,PL,Polish,pl,2,,2,
Portugal,PT,Portuguese,pt,3,,3,
Romania,RO,Romanian,ro,,,,
Saudi Arabia,SA,English,en,,,,
Serbia,RS,Serbian,sr,,,,
Slovakia,SK,Slovak,sk,3,,3,
Slovenia,SI,Slovenian,sl,,,,
South Africa,ZA,English,en,,,,
Spain,ES,Spanish,es,2,,2,
Ceuta y Melilla,ES,Spanish,es,2,,2,
Canary Islands,ES,Spanish,es,2,,2,
Sweden,SE,Swedish,sv,2,,2,
Switzerland (DE),CH,German,de,2,,2,
Switzerland (FR),CH,French,fr,2,,2,
Turkey,TR,Turkish,tr,,,,
United Arab Emirates,AE,English,en,,,,
United Kingdom,GB,English,en,2,,2,
