CODE,Client #,Client reference string,FrontEnd #,FrontEnd reference string,ParcelType #,ParcelType reference string,ItemType #,ItemType reference string
1,1350,hp,2800,canon_e_returns_ups_economy,130110,Hewlett_Packard_UPS_Economy2,142,hp_item
2,1350,hp,1370,canon_hp_frontend_edi,98504,hp_generic_product_counting_hp,142,hp_item
3,1350,hp,1370,canon_hp_frontend_edi,122251,hp_generic_product_scanning_hp,142,hp_item
,,,,,,,,
4,2110,hp_bulk,2650,hp_bulk_large_toner,129150,HP_box_40_kg_DIRECT,143,hp_bulk
5,2110,hp_bulk,2461,hp_bulk_large_inkjet,130091,HP_box_15_kg_DIRECT,143,hp_bulk
6,2110,hp_bulk,2461,hp_bulk_large_inkjet,128225,hp_box_15_30_kg_hp_bulk,143,hp_bulk
7,2110,hp_bulk,2460,hp_bulk_small_inkjet,130093,HP_box_7_kg_DIRECT,143,hp_bulk
8,2110,hp_bulk,2460,hp_bulk_small_inkjet,128224,hp_box_6_85_kg_hp_bulk,143,hp_bulk
9,2110,hp_bulk,2430,hp_bulk_small_toner,130092,HP_box_27_kg_DIRECT,143,hp_bulk
10,2110,hp_bulk,2430,hp_bulk_small_toner,128226,hp_box_24_54_kg_hp_bulk,143,hp_bulk
